State,Max,Min,Mean
centimeter,305.0,0.0,23.980694915254237
millisecond,1000.0,1.0,139.95217391304348
nanometre,485.0,485.0,485.0
km10,31.0,31.0,31.0
GHz,660.0,0.3,73.43864144736841
mmin,20.0,20.0,20.0
cmday,7.38,7.38,7.38
centimetre,59.3,3.0,22.433333333333334
micrometre,20.0,1.0,13.666666666666666
GW,74.0,1.2,29.22222222222222
GV,90.0,31.0,51.0
dag,92.0,92.0,92.0
dam,570.0,22.0,296.0
milliwatt,1.0,1.0,1.0
picosecond,232.0,232.0,232.0
GK,90.0,6.0,52.4
mmday,99.9,99.9,99.9