{"kilometre": {"max": 25000.0, "min": 0.0, "mean": 1031.0739130434783}, "\u2009Pg": {"max": 0.3, "min": 0.3, "mean": 0.3}, "meter": {"max": 413459.0, "min": -407.0, "mean": 550.3711621679513}, "m)}6": {"max": 1.0, "min": 1.0, "mean": 1.0}, "centimeter": {"max": 305.0, "min": 0.0, "mean": 23.980694915254237}, "millisecond": {"max": 1000.0, "min": 1.0, "mean": 139.95217391304348}, "s2": {"max": 8.0, "min": 8.0, "mean": 8.0}, "nanometre": {"max": 485.0, "min": 485.0, "mean": 485.0}, "km10": {"max": 31.0, "min": 31.0, "mean": 31.0}, "GHz": {"max": 660.0, "min": 0.3, "mean": 73.43864144736841}, "mmin": {"max": 20.0, "min": 20.0, "mean": 20.0}, "s){2m": {"max": 4.0, "min": 4.0, "mean": 4.0}, "cmday": {"max": 7.38, "min": 7.38, "mean": 7.38}, "pm)<i><li><li><i>02": {"max": 35.0, "min": 35.0, "mean": 35.0}, "centimetre": {"max": 59.3, "min": 3.0, "mean": 22.433333333333334}, "micrometre": {"max": 20.0, "min": 1.0, "mean": 13.666666666666666}, "GW": {"max": 74.0, "min": 1.2, "mean": 29.22222222222222}, "GV": {"max": 90.0, "min": 31.0, "mean": 51.0}, "dag": {"max": 92.0, "min": 92.0, "mean": 92.0}, "g2": {"max": 9.0, "min": 9.0, "mean": 9.0}, "dam": {"max": 570.0, "min": 22.0, "mean": 296.0}, "milliwatt": {"max": 1.0, "min": 1.0, "mean": 1.0}, "\u00b0C": {"max": 5500.0, "min": -180.0, "mean": 51.675}, "picosecond": {"max": 232.0, "min": 232.0, "mean": 232.0}, "GK": {"max": 90.0, "min": 6.0, "mean": 52.4}, "day": {"max": 890000.0, "min": 0.0, "mean": 511.01016309014796}, "minute": {"max": 260900.0, "min": 0.0, "mean": 224.5315203657522}, "mmday": {"max": 99.9, "min": 99.9, "mean": 99.9}, "h": {"max": 96694660.0, "min": -0.05, "mean": 175468.56561702132}, "p": {"max": 100.0, "min": 20.0, "mean": 59.025}, "gram": {"max": 8110.0, "min": 0.0, "mean": 209.49627941176473}, "\u2009km": {"max": 5.0, "min": 2.9, "mean": 4.3}, "zm": {"max": 19.84, "min": 0.0, "mean": 1.4758194444444446}, "km": {"max": 30800000000000.0, "min": -5.0, "mean": 6388188434.431328}, "mm1": {"max": 85.0, "min": 50.0, "mean": 67.5}, "milligram": {"max": 10000.0, "min": 0.0005, "mean": 619.9063787878787}, "second": {"max": 604800.0, "min": 0.0, "mean": 916.2883603851814}, "km400": {"max": 7.5, "min": 7.5, "mean": 7.5}, "year": {"max": 1600000.0, "min": -70.0, "mean": 13076.086106038289}, "m)<br><br>&#160": {"max": 250.0, "min": 250.0, "mean": 250.0}, "nanometer": {"max": 1064.0, "min": 0.05, "mean": 477.7448529411764}, "PV": {"max": 74.0, "min": 31.0, "mean": 44.2}, "PW": {"max": 33.0, "min": 1.87, "mean": 16.935000000000002}, "h)}13": {"max": 9.1, "min": 9.1, "mean": 9.1}, "m36": {"max": 20.0, "min": 20.0, "mean": 20.0}, "m){9": {"max": 4.0, "min": 4.0, "mean": 4.0}, "kmh": {"max": 927.0, "min": 1.0, "mean": 151.61764705882354}, "\u00b5m": {"max": 2000.0, "min": 0.0, "mean": 99.47694736842108}, "terawatt": {"max": 141.0, "min": 141.0, "mean": 141.0}, "kilometer": {"max": 41200000000000.0, "min": 0.0, "mean": 41365471036.18199}, "\u2009m": {"max": 250.0, "min": 5.0, "mean": 127.5}, "PK": {"max": 90.0, "min": 31.0, "mean": 44.2}, "\u00b5g": {"max": 1.0, "min": 0.2, "mean": 0.5}, "zW": {"max": 41.0, "min": 41.0, "mean": 41.0}, "Mg": {"max": 26.0, "min": 12.5, "mean": 17.0}, "picokelvin": {"max": 1.0, "min": 1.0, "mean": 1.0}, "attosecond": {"max": 450.0, "min": 5.0, "mean": 227.5}, "pm8": {"max": 58.0, "min": 58.0, "mean": 58.0}, "ms)<i><br>01": {"max": 2.5, "min": 2.5, "mean": 2.5}, "pm11": {"max": 22.0, "min": 22.0, "mean": 22.0}, "gigahertz": {"max": 32.05, "min": 2.0, "mean": 13.908333333333333}, "g": {"max": 613752.0, "min": 0.0, "mean": 2223.652886075949}, "h){4h": {"max": 4.0, "min": 4.0, "mean": 4.0}, "k": {"max": 401.0, "min": 160.0, "mean": 220.25}, "metre": {"max": 4104775.0, "min": 0.0, "mean": 21570.594767772505}, "MK": {"max": 150.0, "min": 1.0, "mean": 73.5}, "MW": {"max": 5280.0, "min": 1.0, "mean": 561.2602564102565}, "nanogram": {"max": 1000.0, "min": 5.0, "mean": 429.53999999999996}, "MHz": {"max": 35000.0, "min": 0.044, "mean": 643.4031416129034}, "mHz": {"max": 100.0, "min": 0.001, "mean": 20.633518518518517}, "picometer": {"max": 100.0, "min": 4.0, "mean": 68.33333333333333}, "h9": {"max": 5.0, "min": 5.0, "mean": 5.0}, "cm": {"max": 124816.0, "min": 0.0, "mean": 248.80178129539965}, "\u2009Tg": {"max": 80.0, "min": 80.0, "mean": 80.0}, "h7": {"max": 42.0, "min": 42.0, "mean": 42.0}, "h4": {"max": 67.0, "min": 3.0, "mean": 35.0}, "h5": {"max": 4.0, "min": 3.0, "mean": 3.5}, "ms)<i><br>10": {"max": 0.3, "min": 0.3, "mean": 0.3}, "h){9": {"max": 9.3, "min": 9.1, "mean": 9.2}, "km50": {"max": 21.0, "min": 21.0, "mean": 21.0}, "h){1": {"max": 5.0, "min": 5.0, "mean": 5.0}, "h){3": {"max": 2.0, "min": 2.0, "mean": 2.0}, "pg": {"max": 32.0, "min": 0.2, "mean": 5.416666666666667}, "m2": {"max": 1.0, "min": 1.0, "mean": 1.0}, "gigawatt": {"max": 300.0, "min": 2.5, "mean": 104.75}, "am)<i><br>08": {"max": 0.0, "min": 0.0, "mean": 0.0}, "pm": {"max": 2015.0, "min": 0.0, "mean": 503.39145618556694}, "femtosecond": {"max": 64.0, "min": 60.0, "mean": 62.0}, "pm)<i><br>02": {"max": 9.0, "min": 9.0, "mean": 9.0}, "mK": {"max": 300.0, "min": 5.0, "mean": 201.66666666666666}, "*h+0": {"max": 0.9, "min": 0.9, "mean": 0.9}, "mW": {"max": 231.0, "min": 7.6, "mean": 89.325}, "mV": {"max": 215.0, "min": 170.0, "mean": 192.5}, "hm": {"max": 1.0, "min": 1.0, "mean": 1.0}, "mm2": {"max": 100.0, "min": 100.0, "mean": 100.0}, "mg": {"max": 10000.0, "min": 0.0, "mean": 273.682371681416}, "hour": {"max": 50000.0, "min": -80.0, "mean": 153.46052743104252}, "mm": {"max": 199476.0, "min": 0.0, "mean": 366.99420784729574}, "1m": {"max": 0.64, "min": 0.64, "mean": 0.64}, "mn": {"max": 0.12, "min": 0.05, "mean": 0.09000000000000001}, "mll": {"max": 7.58, "min": 0.5, "mean": 4.890000000000001}, "n": {"max": 30000.0, "min": 15.0, "mean": 3316.5384615384614}, "am)<i><br>11": {"max": 42.0, "min": 42.0, "mean": 42.0}, "am)<i><br>09": {"max": 40.0, "min": 40.0, "mean": 40.0}, "Pg": {"max": 9.5, "min": 1.1, "mean": 5.7}, "km600": {"max": 4.4, "min": 4.4, "mean": 4.4}, "megahertz": {"max": 300000.0, "min": 5.0, "mean": 26172.11666666667}, "am": {"max": 2015.0, "min": 0.0, "mean": 105.61746765249539}, "micrometer": {"max": 670.0, "min": 0.0, "mean": 27.944095890410942}, "*h": {"max": 60.0, "min": 0.5, "mean": 11.166666666666666}, "m**": {"max": 5.07, "min": 5.07, "mean": 5.07}, "cmyear": {"max": 1.0, "min": 1.0, "mean": 1.0}, "petagram": {"max": 1850.0, "min": 0.55, "mean": 601.4250000000001}, "s9": {"max": 9.0, "min": 9.0, "mean": 9.0}, "nm": {"max": 26000.0, "min": 0.0, "mean": 595.9686968036528}, "min": {"max": 400.0, "min": 0.0, "mean": 23.99721666666666}, "TV": {"max": 90.0, "min": 2.0, "mean": 49.8}, "microgram": {"max": 1048.0, "min": 0.02, "mean": 225.65499999999997}, "nanosecond": {"max": 100.0, "min": 4.0, "mean": 52.0}, "s": {"max": 4.916500259077125e+16, "min": -90.0, "mean": 13356427028473.393}, "ng": {"max": 1500.0, "min": 2.0, "mean": 595.4666666666667}, "Tg": {"max": 0.4, "min": 0.2, "mean": 0.30000000000000004}, "MV": {"max": 64.0, "min": 1.0, "mean": 13.431372549019608}, "TK": {"max": 90.0, "min": 31.0, "mean": 66.0}, "week": {"max": 260.0, "min": 0.98, "mean": 20.144522613065323}, "kilowatt": {"max": 2250000.0, "min": 0.0, "mean": 179099.23454545453}, "millimeter": {"max": 2901.0, "min": 0.01, "mean": 162.96317073170735}, "microsecond": {"max": 999999.999999, "min": 0.25, "mean": 76969.01599992308}, "kW": {"max": 300.0, "min": 1.0, "mean": 60.15384615384615}, "kV": {"max": 220.0, "min": 1.0, "mean": 30.142857142857142}, "cm**": {"max": 1600.0, "min": 400.0, "mean": 1000.0}, "fm": {"max": 1000.0, "min": 90.9, "mean": 277.59999999999997}, "*g)k=": {"max": 0.5, "min": 0.5, "mean": 0.5}, "a": {"max": 6356889.4, "min": 0.0, "mean": 219048.1908723404}, "kHz": {"max": 83000.0, "min": 0.0, "mean": 2268.3647302904565}, "kg": {"max": 5679.8, "min": 0.0, "mean": 400.06547267515907}, "fW": {"max": 15.0, "min": 15.0, "mean": 15.0}, "mmyear": {"max": 187.0, "min": 3.0, "mean": 50.5}, "m": {"max": 6378136.6,