{"cm": {"max": 22.0, "min": 0.5, "mean": 9.125}, "m){3n": {"max": 3.0, "min": 3.0, "mean": 3.0}, "am": {"max": 50.0, "min": 0.0, "mean": 23.307692307692307}, "micrometer": {"max": 10.7, "min": 0.35, "mean": 5.0375}, "meter": {"max": 1173.0, "min": 0.0, "mean": 335.57}, "second": {"max": 2005.0, "min": 1.0, "mean": 194.95833333333334}, "year": {"max": 1600000.0, "min": 1.0, "mean": 14133.495833333332}, "kmh": {"max": 121.0, "min": 93.0, "mean": 107.0}, "nanometer": {"max": 100.0, "min": 1.0, "mean": 50.5}, "min": {"max": 7.5, "min": 1.73, "mean": 4.743333333333333}, "GHz": {"max": 183.0, "min": 2.33, "mean": 79.87875000000001}, "ng": {"max": 1500.0, "min": 700.0, "mean": 825.0}, "\u00b5m": {"max": 15.0, "min": 3.74, "mean": 9.370000000000001}, "kilometer": {"max": 1500.0, "min": 0.0, "mean": 424.51666666666665}, "pm": {"max": 40.0, "min": 0.0, "mean": 18.0}, "week": {"max": 10.0, "min": 7.0, "mean": 8.5}, "*h+0": {"max": 0.9, "min": 0.9, "mean": 0.9}, "millimeter": {"max": 60.0, "min": 60.0, "mean": 60.0}, "\u00b0C": {"max": 39.0, "min": -30.0, "mean": 4.615454545454545}, "microsecond": {"max": 10.0, "min": 10.0, "mean": 10.0}, "day": {"max": 365.2425, "min": 1.0, "mean": 38.561275510204084}, "minute": {"max": 90.0, "min": 2.0, "mean": 17.83695652173913}, "kHz": {"max": 117.0, "min": 2.6, "mean": 59.8}, "hour": {"max": 426.0, "min": 1.0, "mean": 50.744680851063826}, "g": {"max": 10.0, "min": 0.0, "mean": 3.4555555555555557}, "mm": {"max": 5.0, "min": 0.87, "mean": 2.9174999999999995}, "h": {"max": 16.0, "min": 1.0, "mean": 4.866666666666667}, "m": {"max": 1200.0, "min": 0.0, "mean": 182.54264705882355}, "km": {"max": 2765.0, "min": 1.0, "mean": 260.15}, "s": {"max": 1990.0, "min": 0.0, "mean": 722.1877590361445}, "MHz": {"max": 1694.5, "min": 50.0, "mean": 774.4166666666666}}