{"kilometre": {"max": 450.0, "min": 450.0, "mean": 450.0}, "cm": {"max": 330.0, "min": 0.25, "mean": 30.189195714285713}, "metre": {"max": 200.0, "min": 6.0, "mean": 71.66666666666667}, "am": {"max": 45.0, "min": 0.0, "mean": 31.904761904761905}, "micrometer": {"max": 400.0, "min": 2.0, "mean": 115.5}, "meter": {"max": 413459.0, "min": 0.0929, "mean": 6126.412321428571}, "milligram": {"max": 10000.0, "min": 200.0, "mean": 3200.0}, "second": {"max": 110.0, "min": 0.25, "mean": 11.56578947368421}, "kilogram": {"max": 740.0, "min": 0.0, "mean": 297.5685714285715}, "year": {"max": 780000.0, "min": 0.0, "mean": 2984.2739018087855}, "petagram": {"max": 6.0, "min": 2.0, "mean": 4.0}, "kmh": {"max": 208.0, "min": 111.0, "mean": 162.25}, "centimeter": {"max": 30.5, "min": 2.54, "mean": 10.94}, "week": {"max": 16.0, "min": 2.0, "mean": 6.625}, "millisecond": {"max": 15.0, "min": 10.0, "mean": 12.5}, "nm": {"max": 2130.0, "min": 60.0, "mean": 728.3846153846154}, "min": {"max": 70.0, "min": 1.0, "mean": 25.1025}, "MW": {"max": 5280.0, "min": 10.0, "mean": 1191.3076923076924}, "GHz": {"max": 89.0, "min": 1.4, "mean": 27.105}, "ng": {"max": 50.0, "min": 50.0, "mean": 50.0}, "\u00b5m": {"max": 200.0, "min": 0.453, "mean": 14.911125}, "kilometer": {"max": 1600.0, "min": 0.8, "mean": 141.47954098360657}, "centimetre": {"max": 3.0, "min": 3.0, "mean": 3.0}, "pm": {"max": 45.0, "min": 0.0, "mean": 15.615384615384615}, "GW": {"max": 1.5, "min": 1.2, "mean": 1.35}, "kHz": {"max": 17146.4, "min": 0.0, "mean": 5530.262121212121}, "millimeter": {"max": 100.0, "min": 4.0, "mean": 43.13333333333333}, "\u00b0C": {"max": 70.0, "min": -20.0, "mean": 10.094117647058825}, "kW": {"max": 25.0, "min": 1.5, "mean": 10.833333333333334}, "day": {"max": 5518.0, "min": 0.0, "mean": 131.62044041273225}, "minute": {"max": 190.0, "min": 1.0, "mean": 26.79032258064516}, "a": {"max": 150000.0, "min": 1.5, "mean": 37579.625}, "mg": {"max": 10000.0, "min": 1.15, "mean": 1442.1045454545454}, "kg": {"max": 2008.0, "min": 0.0, "mean": 423.1896551724138}, "g": {"max": 2008.0, "min": 0.0, "mean": 429.03999999999996}, "hour": {"max": 7000.0, "min": 0.1, "mean": 267.7598837209302}, "mm": {"max": 2000.0, "min": 1.0, "mean": 215.8315}, "h": {"max": 2008.0, "min": 0.0, "mean": 647.1388888888889}, "m": {"max": 592721.0, "min": -12.0, "mean": 2916.7017083333335}, "km": {"max": 160000.0, "min": -1.0, "mean": 2488.5974757281556}, "s": {"max": 2080.0, "min": 0.0, "mean": 1722.157894736842}, "nanogram": {"max": 1000.0, "min": 5.0, "mean": 502.5}, "MHz": {"max": 9500.0, "min": 5.0, "mean": 996.7001124999999}, "gram": {"max": 1012.0, "min": 0.12, "mean": 92.9538888888889}, "megawatt": {"max": 450.0, "min": 0.0, "mean": 182.4}, "teragram": {"max": 15095.0, "min": 60.0, "mean": 3234.7599999999998}}